1.6,1.5,1.4,1.3,1.2,1.1,1,0.9,0.8,0.7,0.6,0.5,0.4,0.3,0.2,0.1,-1.33E-15,-0.1,-0.2,-0.3,-0.4,-0.5,-0.6,-0.7,-0.8,-0.9,-1,-1.1,-1.2,-1.3,-1.4,-1.5,-1.6,-1.7,-1.8,-1.9,-2,-2.1,-2.2,-2.3,-2.4,-2.5,-2.6,-2.7,-2.8,-2.9,-3,-3.1,-3.2,-3.3,-3.4,-3.5,-3.6,-3.7,-3.8,-3.9,-4,-4.1,-4.2,-4.3,-4.4,-4.5,-4.6,-4.7,-4.8,-4.9,-5,-5.1,-5.2,-5.3,-5.4,-5.5,-5.6,-5.7,-5.8,-5.9,-6
0,,,,,,,,,,,,,,,,,,,,,,,,,,,,,,,,,,,,,,,,,,,,,,,,,,,,,,,,,,,,,,,,,,,,,,,,,,,,
1550.74,,,,,,,,,,,,,,,,,,,,,,,,,,,,,,,,,,,,,,,,,,,,,,,,,,,,,,,,,,,,,,,,,,,,,,,,,,,,
-30.0526933,-31.7306928,-30.013071,-29.5545522,-29.8216393,-30.9182619,-33.6949115,-41.6080831,-41.5836699,-36.3008716,-34.9310461,-34.5193748,-34.5212571,-34.4320454,-34.3932273,-34.3272669,-34.255254,-34.1704702,-34.1033896,-34.0161019,-33.9343182,-33.875726,-33.7726912,-33.6849378,-33.5826463,-33.5222239,-33.471952,-33.4493445,-33.4624149,-33.5657156,-33.6792128,-33.8181792,-33.9379488,-34.1070657,-34.2644267,-34.3956933,-34.5327335,-34.6609316,-34.7649637,-34.8438446,-34.9732496,-35.0599359,-35.1497295,-35.2449843,-35.3223791,-35.3988202,-35.4537832,-35.543307,-35.6188356,-35.6907827,-35.7384749,-35.8000925,-35.8653959,-35.9105171,-35.9769791,-36.0351668,-36.0887469,-36.1249659,-36.1673894,-36.2195868,-36.2463764,-36.2923947,-36.3266258,-36.359314,-36.3877875,-36.4102853,-36.4495968,-36.4645594,-36.4925196,-36.5013745,-36.5284573,-36.5499849,-36.5703808,-36.5858802,-36.6018469,-36.6033818,-36.6269014
28.97264,24.55726,20.29302,16.22376,12.44464,9.02541,6.02038,3.557401,1.7117,0.5549787,0.08644027,-0.006592159,-0.02169943,-0.02523559,-0.02861073,-0.03174547,-0.03490895,-0.03833431,-0.04193934,-0.04587918,-0.05025839,-0.05508443,-0.06040762,-0.06637965,-0.07316526,-0.08101921,-0.09014346,-0.1006965,-0.1122109,-0.1243926,-0.1360276,-0.1464147,-0.1553528,-0.1628016,-0.1690434,-0.1742802,-0.1787681,-0.182639,-0.1860405,-0.1890638,-0.1918029,-0.1942872,-0.1965413,-0.1986575,-0.2006532,-0.2024411,-0.2041461,-0.2057259,-0.2072617,-0.2086528,-0.2100174,-0.2112375,-0.2123892,-0.2135088,-0.2144812,-0.2155145,-0.2164861,-0.2174276,-0.2181976,-0.2189676,-0.2197107,-0.2204225,-0.2211245,-0.2217425,-0.2223241,-0.2228727,-0.2233871,-0.2238616,-0.2243308,-0.2247832,-0.2252061,-0.2256758,-0.2261103,-0.2265338,-0.2269724,-0.227384,-0.2279071
1566.73,,,,,,,,,,,,,,,,,,,,,,,,,,,,,,,,,,,,,,,,,,,,,,,,,,,,,,,,,,,,,,,,,,,,,,,,,,,,
-33.003432,-30.9390532,-31.4623422,-31.2908032,-30.4629005,-29.4565362,-28.9111817,-29.158371,-30.9127844,-33.5472512,-34.4903167,-35.0596252,-35.1307372,-35.1747921,-35.1927326,-35.2543624,-35.3881192,-35.5194812,-35.65999,-35.8307466,-36.0264632,-36.231989,-36.4641704,-36.7315661,-36.9273176,-37.3029392,-37.7130278,-38.1535469,-38.6497976,-39.1981496,-39.8293757,-40.4996591,-40.8722201,-41.6164862,-42.054401,-42.3140718,-42.4330065,-42.3689198,-42.2162792,-42.0187367,-41.7861771,-41.5640316,-41.3899153,-41.1315745,-40.9027012,-40.6952794,-40.5070345,-40.3288322,-40.1517789,-39.994711,-39.8402268,-39.7415897,-39.5695526,-39.4279081,-39.2924671,-39.1780971,-39.067078,-38.9645017,-38.8950493,-38.7843044,-38.6869747,-38.6067831,-38.5268473,-38.4559831,-38.415008,-38.3415134,-38.2767968,-38.2182609,-38.1734066,-38.1266801,-38.0945802,-38.0479103,-38.0027899,-37.9655299,-37.934933,-37.9068133,-37.8901537
28.995,24.56453,20.29957,16.23026,12.45216,9.033292,6.029657,3.567648,1.723411,0.5688038,0.1001714,0.00702152,-0.005473724,-0.008456553,-0.01018846,-0.0120488,-0.0127581,-0.01416786,-0.0156368,-0.01730601,-0.01924745,-0.02148164,-0.02405281,-0.02696278,-0.0302199,-0.03391145,-0.03809748,-0.04295352,-0.04862814,-0.0553507,-0.06337107,-0.07267945,-0.0831232,-0.09417214,-0.1049966,-0.1153563,-0.1246239,-0.1327977,-0.1398969,-0.1461468,-0.1516226,-0.1564553,-0.1607954,-0.16466,-0.168206,-0.1714549,-0.1744528,-0.1771835,-0.1798286,-0.1822578,-0.1845721,-0.1868048,-0.1888446,-0.1908028,-0.1926471,-0.1944216,-0.1960539,-0.1976018,-0.1990531,-0.2003949,-0.2017201,-0.2028817,-0.2040254,-0.2050814,-0.2060759,-0.2070241,-0.2079251,-0.2087615,-0.2095594,-0.2103033,-0.2109846,-0.2116663,-0.2123499,-0.212969,-0.2135781,-0.2141417,-0.2147536
2,,,,,,,,,,,,,,,,,,,,,,,,,,,,,,,,,,,,,,,,,,,,,,,,,,,,,,,,,,,,,,,,,,,,,,,,,,,,
1550.74,,,,,,,,,,,,,,,,,,,,,,,,,,,,,,,,,,,,,,,,,,,,,,,,,,,,,,,,,,,,,,,,,,,,,,,,,,,,
-35.0247256,-29.2804209,-27.9776932,-27.5965138,-27.8725335,-28.9669009,-31.1373078,-39.7034604,-42.6610586,-34.2897951,-32.8903755,-32.4894798,-32.4403853,-32.3937177,-32.3557873,-32.2914992,-32.213813,-32.1399715,-32.061269,-31.9803937,-31.8971514,-31.8106557,-31.7494735,-31.647275,-31.5823603,-31.4812484,-31.4178907,-31.3835847,-31.4004616,-31.4665239,-31.5678742,-31.7010821,-31.8174535,-31.9843145,-32.1200575,-32.2487778,-32.3717127,-32.4492342,-32.5791139,-32.6881211,-32.7830065,-32.872687,-32.9584098,-33.0396094,-33.0989789,-33.183138,-33.2596492,-33.3368131,-33.4009032,-33.468442,-33.5317677,-33.5918499,-33.6361759,-33.7009739,-33.7586529,-33.8084484,-33.8613186,-33.9059724,-33.9502379,-33.9815739,-34.0242055,-34.0631884,-34.0976267,-34.1329305,-34.1613886,-34.1823208,-34.2074954,-34.2360587,-34.2568034,-34.2742085,-34.2951313,-34.3085731,-34.3224479,-34.3394585,-34.3556771,-34.3705657,-34.3864363
29.00204,24.57224,20.30625,16.23699,12.45574,9.034649,6.027664,3.561529,1.711894,0.5513787,0.07865771,-0.01692719,-0.03178202,-0.03744477,-0.04193646,-0.04628949,-0.05074439,-0.05559447,-0.06077082,-0.06649012,-0.07290643,-0.08004552,-0.08799243,-0.09697846,-0.1071793,-0.1192606,-0.1333948,-0.1498497,-0.1682679,-0.1875246,-0.2061436,-0.2227791,-0.2369633,-0.2487659,-0.2585812,-0.2668601,-0.2739531,-0.2799931,-0.2853291,-0.2900447,-0.2943054,-0.298232,-0.3018373,-0.3051259,-0.3081865,-0.3109697,-0.3135866,-0.3160558,-0.318377,-0.3205737,-0.3226417,-0.3246269,-0.3264228,-0.3281689,-0.3297806,-0.3313565,-0.3327137,-0.3339933,-0.3352603,-0.3364776,-0.3376927,-0.3387262,-0.3398131,-0.3407695,-0.3416792,-0.3425277,-0.3432721,-0.3439943,-0.3447411,-0.3454983,-0.3462156,-0.3469551,-0.347683,-0.3484167,-0.3491891,-0.3499662,-0.3507829
1566.73,,,,,,,,,,,,,,,,,,,,,,,,,,,,,,,,,,,,,,,,,,,,,,,,,,,,,,,,,,,,,,,,,,,,,,,,,,,,
-31.101217,-28.9549487,-29.291553,-29.2998193,-28.4638162,-27.4567407,-26.839037,-27.1710712,-28.528454,-31.552189,-32.6637717,-33.1048574,-33.1347362,-33.1612685,-33.2628431,-33.3205745,-33.415743,-33.5259329,-33.6490861,-33.79327,-33.9605669,-34.1541001,-34.336168,-34.5946544,-34.881154,-35.2134649,-35.5775156,-35.9854692,-36.4584712,-36.7685018,-37.4989225,-37.9999165,-38.9676856,-39.6311536,-40.1820748,-40.515461,-40.6796942,-40.7001475,-40.6435688,-40.4978135,-40.3045113,-40.1047523,-39.9069592,-39.7050904,-39.4984375,-39.3099892,-39.1577128,-38.948188,-38.7615286,-38.588909,-38.4351274,-38.2695016,-38.1240604,-37.9836142,-37.8746404,-37.7274475,-37.5974305,-37.473391,-37.3708028,-37.2612846,-37.1703477,-37.0887415,-37.036592,-36.9337547,-36.8545893,-36.7859956,-36.7230652,-36.6803134,-36.6070121,-36.5523791,-36.5061,-36.4676066,-36.4241814,-36.3988907,-36.3569599,-36.3220524,-36.2842674
29.0022,24.57228,20.30642,16.23632,12.45622,9.035331,6.028761,3.564545,1.718304,0.562708,0.09572817,0.003308178,-0.009505377,-0.0136419,-0.0151513,-0.01704663,-0.01895882,-0.02107781,-0.02334222,-0.02588098,-0.02880127,-0.03214939,-0.03597375,-0.04029664,-0.0451575,-0.05068155,-0.05700624,-0.0643465,-0.07299919,-0.08333621,-0.09575944,-0.1101291,-0.1266094,-0.1440499,-0.1614136,-0.1776765,-0.1923905,-0.2053063,-0.216627,-0.2265363,-0.2351862,-0.2428609,-0.2497126,-0.2559375,-0.2615621,-0.2667249,-0.271517,-0.2759248,-0.2800546,-0.2840035,-0.2877321,-0.291231,-0.2946029,-0.2977289,-0.3006968,-0.3035531,-0.3062277,-0.3086753,-0.3110792,-0.3132696,-0.3153513,-0.3172134,-0.3190679,-0.3207991,-0.3224407,-0.3239856,-0.3254688,-0.3268409,-0.328145,-0.3291534,-0.3304533,-0.3315388,-0.3326053,-0.3335955,-0.334629,-0.335559,-0.3365714
4,,,,,,,,,,,,,,,,,,,,,,,,,,,,,,,,,,,,,,,,,,,,,,,,,,,,,,,,,,,,,,,,,,,,,,,,,,,,
1550.74,,,,,,,,,,,,,,,,,,,,,,,,,,,,,,,,,,,,,,,,,,,,,,,,,,,,,,,,,,,,,,,,,,,,,,,,,,,,
-33.2386374,-27.2914074,-26.3898295,-25.6971287,-25.8887992,-26.9864028,-29.3579186,-37.5180805,-40.9167131,-32.3218799,-30.670939,-30.462872,-30.4060218,-30.3553708,-30.3204852,-30.2465405,-30.1711864,-30.095459,-30.0133886,-29.9207625,-29.8594087,-29.7370101,-29.6471517,-29.5797036,-29.4723003,-29.3768499,-29.307968,-29.2749223,-29.2838713,-29.3373735,-29.3960441,-29.5333487,-29.6830035,-29.8189941,-29.9494067,-30.0733699,-30.1626256,-30.2833168,-30.3923946,-30.4869558,-30.568877,-30.6535813,-30.7087353,-30.7958082,-30.877568,-30.9556612,-31.0191403,-31.0871544,-31.1437624,-31.1917448,-31.2604087,-31.3314642,-31.3890526,-31.444464,-31.4877963,-31.5483389,-31.5809931,-31.631752,-31.6774873,-31.7173432,-31.7602726,-31.7898242,-31.8249995,-31.8497442,-31.8945738,-31.9092062,-31.9440851,-31.9544191,-31.9811583,-31.993996,-32.0061311,-32.0279884,-32.0311223,-32.0538261,-32.0639752,-32.082451,-32.092382
29.01185,24.58187,20.31662,16.24513,12.46224,9.037605,6.026763,3.556238,1.701787,0.5367477,0.06173651,-0.03430319,-0.05015776,-0.05708222,-0.06307753,-0.06906813,-0.07541793,-0.08240398,-0.09001007,-0.09851316,-0.108022,-0.1189121,-0.1310342,-0.1448636,-0.160785,-0.1795228,-0.2017169,-0.2276574,-0.2569367,-0.2876141,-0.317337,-0.3440207,-0.3666783,-0.3855999,-0.401237,-0.4143701,-0.4255296,-0.4350919,-0.4433971,-0.4508822,-0.4576593,-0.4638495,-0.4694443,-0.4746299,-0.4795315,-0.484122,-0.4882945,-0.4923411,-0.496068,-0.499526,-0.5029185,-0.5059618,-0.5088559,-0.5115806,-0.5140183,-0.5164656,-0.5186843,-0.5207775,-0.5226919,-0.5245142,-0.5262676,-0.5278818,-0.5294957,-0.5310616,-0.5324993,-0.5338328,-0.5351125,-0.5362997,-0.537593,-0.5387955,-0.5401046,-0.5413027,-0.5425643,-0.5438607,-0.5451748,-0.5465493,-0.5480803
1566.73,,,,,,,,,,,,,,,,,,,,,,,,,,,,,,,,,,,,,,,,,,,,,,,,,,,,,,,,,,,,,,,,,,,,,,,,,,,,
-29.2265876,-26.9160745,-27.2211057,-27.2526104,-26.4791231,-25.4549914,-24.8421556,-25.1122902,-26.6756381,-29.5758087,-30.7358344,-31.1663421,-31.1869834,-31.2599726,-31.3100514,-31.3760724,-31.4673138,-31.5675961,-31.68554,-31.8211371,-31.9742247,-32.1543298,-32.3161517,-32.5780896,-32.8516077,-33.1659354,-33.5089099,-33.9186953,-34.0810951,-34.9557126,-35.413099,-36.2310442,-37.1228672,-37.8656495,-38.4886094,-38.9444647,-39.2062715,-39.3105039,-39.296988,-39.1978654,-39.0463574,-38.8692255,-38.6845788,-38.4807139,-38.2823372,-38.1214059,-37.904311,-37.6993116,-37.5072394,-37.3217301,-37.1445379,-37.0236167,-36.8193284,-36.6433431,-36.4860418,-36.335729,-36.1976478,-36.068356,-35.9481366,-35.8615809,-35.7465123,-35.6296741,-35.5366392,-35.4580142,-35.377525,-35.303676,-35.2351956,-35.1814622,-35.1076705,-35.0546213,-35.0067798,-34.9558174,-34.9173884,-34.875457,-34.8351223,-34.8039237,-34.7621643
29.01316,24.58354,20.31747,16.24571,12.46391,9.040763,6.030978,3.563364,1.713784,0.5561177,0.08940376,-0.002388545,-0.01648531,-0.01982396,-0.02270031,-0.02535854,-0.02808485,-0.03117391,-0.03451726,-0.03833196,-0.04274129,-0.04782933,-0.0536539,-0.06023259,-0.06763975,-0.07606694,-0.08577125,-0.09708195,-0.1103497,-0.1264991,-0.1458749,-0.1687342,-0.1946761,-0.2224296,-0.2500784,-0.2760522,-0.2995086,-0.3201351,-0.338166,-0.3539303,-0.3677679,-0.3800189,-0.3910281,-0.4009898,-0.4100434,-0.4184576,-0.4261682,-0.4332372,-0.4399507,-0.4461934,-0.4522085,-0.4579042,-0.4632502,-0.4683764,-0.4731786,-0.4777783,-0.4821147,-0.4861105,-0.4899308,-0.4934566,-0.4968272,-0.4998671,-0.5027697,-0.5055423,-0.508161,-0.5107599,-0.5131954,-0.5154429,-0.5175506,-0.5195627,-0.521544,-0.5233927,-0.5250982,-0.5266869,-0.5284766,-0.5302412,-0.531984
6,,,,,,,,,,,,,,,,,,,,,,,,,,,,,,,,,,,,,,,,,,,,,,,,,,,,,,,,,,,,,,,,,,,,,,,,,,,,
1550.74,,,,,,,,,,,,,,,,,,,,,,,,,,,,,,,,,,,,,,,,,,,,,,,,,,,,,,,,,,,,,,,,,,,,,,,,,,,,
-30.8530822,-25.3796938,-24.3954334,-23.731315,-23.9357242,-24.994289,-27.5146806,-35.3589518,-39.21953,-30.3712826,-28.889563,-28.4233398,-28.3655662,-28.3244342,-28.2622319,-28.1926374,-28.175348,-28.0209208,-27.9363865,-27.8386396,-27.7752337,-27.6622647,-27.5447506,-27.4439168,-27.3401442,-27.2452407,-27.1680138,-27.1192118,-27.1177642,-27.1496978,-27.2387695,-27.353163,-27.4829912,-27.6179657,-27.7388286,-27.8566479,-27.9400397,-28.0640732,-28.1546649,-28.240445,-28.3295111,-28.4017965,-28.4642679,-28.5557578,-28.6222194,-28.7020848,-28.7681404,-28.8141187,-28.879917,-28.9559893,-29.011441,-29.0701408,-29.1300388,-29.1683631,-29.2259387,-29.2839282,-29.32336,-29.3709003,-29.403016,-29.4442987,-29.4768772,-29.503569,-29.5365705,-29.5718805,-29.589304,-29.6179036,-29.6312118,-29.6461308,-29.661562,-29.6838533,-29.7015127,-29.7170521,-29.7342742,-29.7478537,-29.7638471,-29.7855636,-29.8002046
29.02938,24.59932,20.3332,16.26107,12.47521,9.046474,6.029451,3.552299,1.690004,0.5169442,0.03626982,-0.0618078,-0.07913765,-0.08788496,-0.09603267,-0.1045143,-0.1192152,-0.1239461,-0.1352439,-0.148057,-0.162698,-0.1792999,-0.1980146,-0.2194995,-0.2444344,-0.2739158,-0.3090267,-0.3503683,-0.3970473,-0.4462174,-0.4939982,-0.5366374,-0.5728886,-0.6028979,-0.6277614,-0.6485312,-0.6661661,-0.6812649,-0.694523,-0.7062703,-0.7167276,-0.7261932,-0.7348649,-0.7429753,-0.7504777,-0.7575825,-0.7640733,-0.770243,-0.7758894,-0.781248,-0.7864042,-0.7911907,-0.7954945,-0.7996479,-0.803456,-0.8071604,-0.8104939,-0.8136288,-0.8166837,-0.8196569,-0.8224318,-0.8252455,-0.82775,-0.8301773,-0.8323075,-0.834445,-0.8365154,-0.8386469,-0.8406657,-0.8427332,-0.8449178,-0.8472415,-0.8496406,-0.8521838,-0.8548994,-0.8578499,-0.8608525
1566.73,,,,,,,,,,,,,,,,,,,,,,,,,,,,,,,,,,,,,,,,,,,,,,,,,,,,,,,,,,,,,,,,,,,,,,,,,,,,
-26.9895242,-24.7595265,-25.3040344,-25.16306,-24.4057484,-23.4493623,-22.9573282,-23.1818361,-24.9462169,-27.655564,-28.6797129,-29.3016169,-29.3450454,-29.3942003,-29.4546316,-29.5054354,-29.5882205,-29.6629583,-29.7923031,-29.9357731,-30.090852,-30.2759008,-30.4748563,-30.620191,-30.9228144,-31.0534408,-31.6458868,-32.0642585,-32.5685371,-33.1646511,-33.8841872,-34.4390093,-35.5043828,-36.5339747,-37.3553383,-37.9790787,-38.3838121,-38.5625616,-38.5779546,-38.4925479,-38.3085694,-38.0801478,-37.8523668,-37.604631,-37.3522658,-37.1079458,-36.9273601,-36.6333869,-36.3894754,-36.1348264,-35.9156245,-35.6894204,-35.4778122,-35.277023,-35.093207,-34.9702397,-34.7703992,-34.5942655,-34.4517204,-34.3140984,-34.1923896,-34.0856271,-33.9800874,-33.8819776,-33.8116152,-33.7032786,-33.6271983,-33.5581065,-33.5016164,-33.4312435,-33.3726645,-33.3104773,-33.2559249,-33.2059601,-33.1608367,-33.1157973,-33.0655368
29.03184,24.60175,20.33546,16.26297,12.47884,9.052352,6.038678,3.565439,1.711001,0.5494208,0.0810983,-0.01113748,-0.02514617,-0.03016215,-0.03401331,-0.03770774,-0.04160554,-0.0460452,-0.05097409,-0.05665058,-0.06327149,-0.07095427,-0.0797742,-0.08980309,-0.1011418,-0.1139712,-0.1289877,-0.1465281,-0.1674643,-0.1927542,-0.2234795,-0.2599059,-0.3013872,-0.3458851,-0.3903849,-0.4321723,-0.4698786,-0.5030418,-0.5320244,-0.5574701,-0.5796347,-0.5992528,-0.6169039,-0.6329101,-0.6475792,-0.6610689,-0.6734212,-0.6850103,-0.6960534,-0.7063015,-0.7161298,-0.7253995,-0.7341975,-0.7425471,-0.7503736,-0.7577139,-0.7647662,-0.7712225,-0.7773122,-0.7830854,-0.7884584,-0.7935853,-0.7984588,-0.8030478,-0.8072108,-0.8113496,-0.8154087,-0.8191013,-0.8222677,-0.8254219,-0.8286245,-0.8317855,-0.8347818,-0.8379381,-0.8408973,-0.8439448,-0.8470952
8,,,,,,,,,,,,,,,,,,,,,,,,,,,,,,,,,,,,,,,,,,,,,,,,,,,,,,,,,,,,,,,,,,,,,,,,,,,,
1550.74,,,,,,,,,,,,,,,,,,,,,,,,,,,,,,,,,,,,,,,,,,,,,,,,,,,,,,,,,,,,,,,,,,,,,,,,,,,,
-27.5718978,-23.5639756,-22.230234,-21.925411,-21.994364,-23.0740613,-25.7187802,-33.1312384,-37.8719671,-28.5194474,-26.688859,-26.6755595,-26.3812737,-26.3292169,-26.256432,-26.17518,-26.0922761,-25.9994845,-25.904251,-25.7985194,-25.7173334,-25.5839414,-25.4598698,-25.3436718,-25.2281971,-25.1147014,-25.0509923,-24.9650903,-24.9357248,-24.9658734,-25.0401492,-25.1531682,-25.2821318,-25.4132091,-25.5405245,-25.616716,-25.7485461,-25.7980755,-25.9422854,-26.0428837,-26.1359387,-26.2188356,-26.2999946,-26.3749579,-26.4509735,-26.5262738,-26.5740247,-26.6625809,-26.731501,-26.799547,-26.8672625,-26.9246614,-26.9866597,-27.0428971,-27.0766711,-27.1372096,-27.1869862,-27.2373203,-27.2802568,-27.3143752,-27.3565903,-27.387246,-27.4174499,-27.4497993,-27.4826159,-27.5057095,-27.5286516,-27.5562233,-27.5825837,-27.6030993,-27.6356009,-27.675097,-27.7080023,-27.7442296,-27.8029171,-27.9925572,-28.0190403
29.05503,24.62655,20.36072,16.28617,12.49533,9.060841,6.035903,3.548389,1.674012,0.4879818,-0.002671992,-0.1035934,-0.1243739,-0.1355506,-0.1467435,-0.1588146,-0.1722036,-0.1873334,-0.2043662,-0.2237688,-0.2461988,-0.2717248,-0.3007215,-0.3342035,-0.3733411,-0.4198956,-0.4755862,-0.5413484,-0.6159657,-0.6946201,-0.7709106,-0.8392105,-0.8968215,-0.9441638,-0.983107,-1.015337,-1.042696,-1.065894,-1.086208,-1.104457,-1.120573,-1.135179,-1.148717,-1.16123,-1.172756,-1.183197,-1.193104,-1.202392,-1.210967,-1.219197,-1.226878,-1.233899,-1.240754,-1.246911,-1.252834,-1.25823,-1.263011,-1.267746,-1.27187,-1.276336,-1.280188,-1.284052,-1.287972,-1.291255,-1.294791,-1.298304,-1.301794,-1.305648,-1.309673,-1.314094,-1.318737,-1.32417,-1.330307,-1.337614,-1.347275,-1.356244,-1.352592
1566.73,,,,,,,,,,,,,,,,,,,,,,,,,,,,,,,,,,,,,,,,,,,,,,,,,,,,,,,,,,,,,,,,,,,,,,,,,,,,
-21.4795567,-22.7299532,-23.1826735,-23.0624375,-22.3582083,-21.4565828,-20.892737,-21.2581906,-23.0376168,-25.8019123,-27.315687,-27.4430251,-27.555302,-27.6081267,-27.6736834,-27.7466923,-27.8379896,-27.9305429,-28.050063,-28.1625485,-28.3401775,-28.5064555,-28.730933,-28.9859164,-29.2767017,-29.6156596,-30.0167926,-30.4926794,-31.0599231,-31.6064526,-32.5361213,-33.645235,-34.907985,-36.2135428,-37.4392178,-38.381598,-38.8185093,-39.0189336,-38.8250515,-38.4436253,-37.98573,-37.5051018,-37.1938754,-36.6284034,-36.1353881,-35.7241548,-35.3033473,-34.928529,-34.5764369,-34.2496766,-33.9274984,-33.6784398,-33.3754973,-33.10783,-32.8724609,-32.6550404,-32.4621122,-32.2779346,-32.1720042,-31.9859304,-31.8228501,-31.69882,-31.5782323,-31.4649769,-31.3603732,-31.2667888,-31.2038303,-31.1051174,-31.0162954,-30.9306125,-30.8554689,-30.7727041,-30.7011241,-30.6213943,-30.5429867,-30.4618489,-30.3932968
29.05735,24.62961,20.36308,16.28964,12.502,9.070937,6.050845,3.571089,1.709299,0.5415374,0.06931167,-0.02443435,-0.0395497,-0.04574093,-0.05094162,-0.05612389,-0.06170707,-0.06813258,-0.07544449,-0.08389724,-0.09383403,-0.1052852,-0.11883,-0.1341519,-0.1515798,-0.1716044,-0.1947696,-0.2221173,-0.255028,-0.2949953,-0.3439008,-0.4021501,-0.4689352,-0.5408628,-0.6129618,-0.6808385,-0.742198,-0.7957837,-0.8425299,-0.8834364,-0.9193277,-0.9509051,-0.9795559,-1.005514,-1.029251,-1.051008,-1.07111,-1.090017,-1.107691,-1.124666,-1.140549,-1.155679,-1.169988,-1.18351,-1.196094,-1.208072,-1.21907,-1.229634,-1.239672,-1.248984,-1.25784,-1.265989,-1.273211,-1.28094,-1.288026,-1.294782,-1.301121,-1.307089,-1.312541,-1.318324,-1.324141,-1.329962,-1.335772,-1.341608,-1.347793,-1.354449,-1.361289
10,,,,,,,,,,,,,,,,,,,,,,,,,,,,,,,,,,,,,,,,,,,,,,,,,,,,,,,,,,,,,,,,,,,,,,,,,,,,
1550.74,,,,,,,,,,,,,,,,,,,,,,,,,,,,,,,,,,,,,,,,,,,,,,,,,,,,,,,,,,,,,,,,,,,,,,,,,,,,
-21.2218166,-22.0931146,-20.4868874,-19.972325,-20.1501082,-21.1443429,-23.2260934,-30.6978561,-30.6779842,-26.8375063,-24.8086176,-24.6791412,-24.4249739,-24.3501595,-24.2688331,-24.1794372,-24.087939,-23.9980424,-23.8766866,-23.7414306,-23.6148995,-23.4854898,-23.3455546,-23.2038168,-23.0877959,-22.9378343,-22.8144144,-22.7323762,-22.697747,-22.6996138,-22.8063925,-22.9288812,-23.0710806,-23.2215822,-23.3400878,-23.4907467,-23.6408278,-23.7617642,-23.870581,-23.9825242,-24.0867824,-24.1536924,-24.2737252,-24.3881376,-24.4852773,-24.5794599,-24.6802803,-24.767415,-24.8283174,-24.9306623,-25.0246004,-25.1008733,-25.1755985,-25.2478801,-25.2959299,-25.3714097,-25.4413588,-25.51084,-25.5725859,-25.6387533,-25.7076176,-25.7555476,-25.8145433,-25.8549267,-25.8824084,-25.9084441,-25.9355884,-25.9582343,-25.9793099,-26.0145224,-26.0414022,-26.0761811,-26.1029726,-26.1316386,-26.1662311,-26.1926217,-26.2286792
29.09607,24.66859,20.4021,16.32576,12.53027,9.086341,6.049005,3.54544,1.651876,0.4443639,-0.06451085,-0.1762314,-0.1961944,-0.2108327,-0.2265161,-0.2439031,-0.2637376,-0.2864933,-0.3124312,-0.3421757,-0.3767099,-0.4163716,-0.461832,-0.5144433,-0.5763488,-0.6502095,-0.7390582,-0.8443934,-0.9640647,-1.090154,-1.212689,-1.321357,-1.412576,-1.487412,-1.548329,-1.598493,-1.640744,-1.67673,-1.708006,-1.736159,-1.761177,-1.783878,-1.804823,-1.824112,-1.841649,-1.857966,-1.873129,-1.887182,-1.899644,-1.911296,-1.921995,-1.931266,-1.939806,-1.947074,-1.954324,-1.960231,-1.9647,-1.968774,-1.971828,-1.972812,-1.970261,-1.960795,-1.945789,-1.930103,-1.915873,-1.903091,-1.891901,-1.882423,-1.874179,-1.866764,-1.860676,-1.855628,-1.851585,-1.848127,-1.846181,-1.845096,-1.844769
1566.73,,,,,,,,,,,,,,,,,,,,,,,,,,,,,,,,,,,,,,,,,,,,,,,,,,,,,,,,,,,,,,,,,,,,,,,,,,,,
-19.430234,-20.605594,-21.006187,-20.9279793,-20.3284151,-19.470211,-18.9295438,-19.3280182,-20.4482353,-23.4271403,-25.5726229,-25.7504429,-25.8501529,-25.9151789,-25.9777737,-26.0610059,-26.1522574,-26.216204,-26.2952891,-26.5547267,-26.6933843,-26.9190719,-27.1832617,-27.4706863,-27.8095122,-28.2063436,-28.5441642,-29.2570795,-29.9855244,-30.6621785,-31.9929791,-33.742602,-35.7745636,-38.1923648,-40.4725831,-41.2414402,-40.4031299,-38.8152367,-37.3118026,-36.049544,-35.2438683,-34.2037905,-33.3620552,-32.6999243,-32.1210908,-31.6040403,-31.1388193,-30.7199046,-30.4490139,-30.0256034,-29.6847801,-29.3842196,-29.1304355,-28.8946194,-28.6893307,-28.5005792,-28.3837227,-28.1853412,-28.036766,-27.8983826,-27.7833369,-27.6624669,-27.5644469,-27.4564169,-27.3609729,-27.280045,-27.1794398,-27.0771224,-27.0017018,-26.8602839,-26.8762677,-26.8778187,-26.8724493,-26.8574197,-26.8431685,-26.8359292,-26.8163692
29.1013,24.67373,20.40755,16.33123,12.53999,9.101757,6.072063,3.580827,1.706954,0.5291605,0.05018796,-0.04602046,-0.06259255,-0.0703814,-0.07747462,-0.08481045,-0.09293238,-0.102344,-0.1131579,-0.1260109,-0.141152,-0.1589632,-0.1796218,-0.2033565,-0.230424,-0.2617283,-0.2981457,-0.3413917,-0.3936857,-0.4579164,-0.5371119,-0.6322952,-0.7420582,-0.8609946,-0.9806198,-1.092795,-1.194358,-1.282968,-1.360299,-1.427475,-1.486282,-1.538576,-1.585245,-1.62749,-1.665942,-1.702097,-1.735419,-1.766161,-1.796237,-1.824098,-1.849973,-1.874267,-1.89724,-1.918928,-1.938803,-1.957251,-1.975641,-1.99221,-2.007557,-2.02189,-2.035222,-2.04853,-2.060364,-2.072136,-2.08406,-2.094874,-2.106278,-2.11857,-2.131935,-2.145217,-2.12625,-2.113607,-2.103838,-2.095983,-2.089393,-2.084772,-2.080712
12,,,,,,,,,,,,,,,,,,,,,,,,,,,,,,,,,,,,,,,,,,,,,,,,,,,,,,,,,,,,,,,,,,,,,,,,,,,,
1550.74,,,,,,,,,,,,,,,,,,,,,,,,,,,,,,,,,,,,,,,,,,,,,,,,,,,,,,,,,,,,,,,,,,,,,,,,,,,,
-19.3408521,-20.2613102,-18.7894075,-18.2112687,-18.305712,-19.207003,-21.5945487,-27.9294616,-38.2261299,-25.4303563,-23.0986658,-22.6368594,-22.5302411,-22.4315185,-22.3555973,-22.2314834,-22.1048757,-21.969395,-21.8317565,-21.679518,-21.51657,-21.3979233,-21.1914808,-20.9980737,-20.823227,-20.6531692,-20.6341349,-20.4123489,-20.3878989,-20.4471605,-20.5441162,-20.7693073,-21.0157039,-21.2589952,-21.4879343,-21.7075822,-21.9121683,-22.0620724,-22.296139,-22.4861957,-22.6751334,-22.8575088,-23.0430533,-23.1575588,-23.3689287,-23.5513443,-23.6760425,-23.7595947,-23.8198538,-23.873374,-23.9041347,-23.9519744,-23.9977344,-24.0353801,-24.0723118,-24.1077015,-24.1403088,-24.1610805,-24.1960309,-24.2312326,-24.2649767,-24.2956615,-24.3269594,-24.3547473,-24.3774991,-24.4116012,-24.4458376,-24.4777299,-24.5073565,-24.5413941,-24.5709093,-24.6040861,-24.6286726,-24.6646094,-24.6975399,-24.7300412,-24.7590304
29.15925,24.73269,20.46447,16.38548,12.58304,9.126202,6.069514,3.542051,1.617344,0.3743338,-0.1649454,-0.2877746,-0.3158603,-0.335644,-0.3580326,-0.3837804,-0.4138057,-0.4488651,-0.4891456,-0.5357923,-0.5905179,-0.653721,-0.7263696,-0.8108928,-0.9107374,-1.030877,-1.175112,-1.3469,-1.542667,-1.750756,-1.952932,-2.131775,-2.281532,-2.402873,-2.500877,-2.58101,-2.648394,-2.705191,-2.755152,-2.797909,-2.836211,-2.869737,-2.899436,-2.922503,-2.936406,-2.93276,-2.909766,-2.881915,-2.856153,-2.832553,-2.811404,-2.792565,-2.775021,-2.758445,-2.743577,-2.730026,-2.717433,-2.705098,-2.693593,-2.682502,-2.671246,-2.66077,-2.650938,-2.640547,-2.630664,-2.620563,-2.610461,-2.601067,-2.591449,-2.582829,-2.574107,-2.565847,-2.557768,-2.549577,-2.542724,-2.535113,-2.528519
1566.73,,,,,,,,,,,,,,,,,,,,,,,,,,,,,,,,,,,,,,,,,,,,,,,,,,,,,,,,,,,,,,,,,,,,,,,,,,,,
-17.3786379,-18.4566984,-18.6868434,-18.7200483,-18.1943967,-17.4286295,-17.0021876,-17.4420013,-18.5801333,-22.2284053,-23.6953282,-24.2375328,-24.2987577,-24.3403706,-24.4518788,-24.5409437,-24.6603095,-24.751923,-24.9244702,-25.1101551,-25.3376669,-25.6006221,-25.9024018,-26.2600649,-26.6884896,-27.052722,-27.8055103,-28.658991,-29.7673108,-30.6406713,-33.0685579,-36.4973978,-37.8648665,-45.9123146,-38.9588536,-34.8136538,-32.2666308,-30.9029624,-29.4708415,-28.365948,-27.6134636,-27.006923,-26.485161,-26.1788372,-25.7056403,-25.3392457,-25.023781,-24.7694497,-24.5524421,-24.3703993,-24.2112122,-24.1351608,-24.0015981,-23.9159188,-23.9270627,-23.9967609,-24.0506612,-24.0959844,-24.1134469,-24.1534074,-24.182705,-24.2012857,-24.219434,-24.2343816,-24.2586753,-24.2761544,-24.2913975,-24.3113967,-24.3205632,-24.3395806,-24.3576882,-24.3834803,-24.4022406,-24.4218538,-24.4528928,-24.4789181,-24.4981323
29.16688,24.74161,20.47429,16.39612,12.59828,9.149853,6.10654,3.598005,1.705783,0.5114698,0.02062622,-0.08035703,-0.09908579,-0.114148,-0.1189107,-0.1294746,-0.1414642,-0.1556463,-0.1722041,-0.1917786,-0.2150777,-0.2426345,-0.2749079,-0.312003,-0.3546136,-0.4040816,-0.4623978,-0.5320238,-0.617039,-0.7222887,-0.8537509,-1.013803,-1.199835,-1.404094,-1.61048,-1.804483,-1.97844,-2.128727,-2.258264,-2.370558,-2.467838,-2.553788,-2.630668,-2.701477,-2.765627,-2.82489,-2.88002,-2.93109,-2.979635,-3.025156,-3.067617,-3.106039,-3.140225,-3.165979,-3.162868,-3.126807,-3.098648,-3.074991,-3.054549,-3.036631,-3.020151,-3.004995,-2.991064,-2.977257,-2.964349,-2.951737,-2.938797,-2.925925,-2.913153,-2.900245,-2.887994,-2.875891,-2.86373,-2.852348,-2.840841,-2.83082,-2.820714
14,,,,,,,,,,,,,,,,,,,,,,,,,,,,,,,,,,,,,,,,,,,,,,,,,,,,,,,,,,,,,,,,,,,,,,,,,,,,
1550.74,,,,,,,,,,,,,,,,,,,,,,,,,,,,,,,,,,,,,,,,,,,,,,,,,,,,,,,,,,,,,,,,,,,,,,,,,,,,
-17.522822,-18.6793459,-17.6590531,-16.6747209,-16.5672556,-17.3083642,-19.3750289,-22.8385463,-24.7019338,-45.3925595,-21.4580469,-20.8931864,-20.7840576,-20.6239111,-20.4692749,-20.3143219,-20.1506321,-19.9801349,-19.7888216,-19.6434488,-19.4024337,-19.1758277,-19.1665356,-18.7186767,-18.4908523,-18.2925156,-18.1408792,-18.0706797,-18.1361041,-18.3512353,-18.7956728,-19.3973085,-20.0013471,-20.5873007,-21.1206865,-21.6189694,-21.8731009,-22.0666652,-22.1583639,-22.2311305,-22.2973685,-22.3554305,-22.3977966,-22.4610938,-22.5062936,-22.5598255,-22.6054229,-22.6485884,-22.6894255,-22.7272275,-22.7642025,-22.7885437,-22.8281515,-22.8629408,-22.8929346,-22.9253271,-22.9593643,-22.9790872,-23.0124588,-23.042437,-23.0748181,-23.1002188,-23.1231346,-23.1464496,-23.1681417,-23.1780054,-23.2067171,-23.2229462,-23.2467538,-23.2656525,-23.286472,-23.3021199,-23.3122621,-23.3355738,-23.356281,-23.3681791,-23.3905856
29.25472,24.83104,20.56091,16.47575,12.66274,9.186789,6.102292,3.536094,1.56234,0.2592301,-0.3346468,-0.4825275,-0.5198426,-0.5477486,-0.5810558,-0.6201531,-0.666698,-0.7219014,-0.786062,-0.8609249,-0.9486875,-1.049657,-1.169835,-1.309458,-1.475698,-1.676608,-1.922709,-2.220129,-2.567864,-2.945594,-3.315059,-3.633557,-3.886451,-4.078093,-4.225351,-4.323052,-4.311804,-4.252908,-4.202126,-4.16319,-4.13006,-4.100573,-4.074083,-4.047994,-4.024127,-3.998769,-3.978168,-3.957719,-3.937714,-3.918061,-3.899657,-3.880584,-3.859121,-3.839874,-3.819078,-3.797665,-3.772116,-3.750965,-3.732753,-3.708249,-3.68293,-3.665567,-3.64285,-3.623618,-3.603681,-3.582189,-3.561906,-3.537673,-3.518807,-3.497228,-3.475802,-3.457256,-3.439931,-3.419479,-3.404099,-3.386751,-3.36988
1566.73,,,,,,,,,,,,,,,,,,,,,,,,,,,,,,,,,,,,,,,,,,,,,,,,,,,,,,,,,,,,,,,,,,,,,,,,,,,,
-15.378314,-16.2797142,-16.482058,-16.4433543,-16.0131118,-15.4168866,-15.0955948,-15.5978808,-17.4946091,-20.581143,-22.142054,-22.7906361,-22.9643911,-23.0523056,-23.1550612,-23.2710025,-23.3812218,-23.5686663,-23.7837506,-24.0220596,-24.3051885,-24.6516425,-24.996739,-25.5677656,-26.2170942,-27.0177288,-28.0760804,-29.5176221,-31.6774315,-32.5968771,-35.5740208,-43.0310511,-33.3552418,-29.7175575,-25.9714813,-24.1488688,-23.3864118,-22.2274625,-21.6135409,-21.1830705,-20.9253661,-20.786926,-20.9774512,-21.1594381,-21.2530126,-21.3978957,-21.4998315,-21.578428,-21.655974,-21.6986257,-21.778979,-21.8541904,-21.9229855,-21.9881168,-22.0490411,-22.118592,-22.1591321,-22.234153,-22.3033828,-22.3688716,-22.438482,-22.4987592,-22.5629729,-22.6212014,-22.6789636,-22.7455843,-22.8076579,-22.8691304,-22.9312554,-22.9948111,-23.0617131,-23.1007665,-23.182148,-23.2521015,-23.3252845,-23.390978,-23.4650817
29.26397,24.84298,20.57429,16.49215,12.68519,9.222493,6.157976,3.623084,1.70134,0.4805243,-0.02920317,-0.1396483,-0.1593317,-0.1724711,-0.1865458,-0.2021741,-0.2203109,-0.2420431,-0.2678223,-0.2984897,-0.3351535,-0.3789951,-0.4304253,-0.4901221,-0.5592915,-0.6401009,-0.736295,-0.8529895,-0.9975162,-1.178772,-1.410256,-1.697803,-2.040264,-2.418127,-2.799747,-3.154183,-3.466772,-3.732181,-3.960134,-4.157569,-4.334748,-4.507847,-4.62318,-4.581425,-4.537451,-4.504875,-4.478082,-4.453558,-4.431006,-4.40993,-4.389044,-4.368277,-4.346925,-4.324795,-4.302857,-4.280161,-4.256849,-4.233396,-4.209021,-4.183813,-4.158326,-4.133066,-4.107528,-4.08097,-4.054275,-4.027887,-4.001667,-3.974673,-3.9475,-3.921162,-3.894341,-3.868876,-3.84239,-3.815248,-3.7885,-3.760861,-3.732335
,,,,,,,,,,,,,,,,,,,,,,,,,,,,,,,,,,,,,,,,,,,,,,,,,,,,,,,,,,,,,,,,,,,,,,,,,,,,
,,,,,,,,,,,,,,,,,,,,,,,,,,,,,,,,,,,,,,,,,,,,,,,,,,,,,,,,,,,,,,,,,,,,,,,,,,,,
-16.5672556,,,,,,,,,,,,,,,,,,,,,,,,,,,,,,,,,,,,,,,,,,,,,,,,,,,,,,,,,,,,,,,,,,,,,,,,,,,,
-0.955522,-2.1120459,-1.0917531,-0.1074209,4.44E-05,-0.7410642,-2.8077289,-6.2712463,-8.1346338,-28.8252595,-4.8907469,-4.3258864,-4.2167576,-4.0566111,-3.9019749,-3.7470219,-3.5833321,-3.4128349,-3.2215216,-3.0761488,-2.8351337,-2.6085277,-2.5992356,-2.1513767,-1.9235523,-1.7252156,-1.5735792,-1.5033797,-1.5688041,-1.7839353,-2.2283728,-2.8300085,-3.4340471,-4.0200007,-4.5533865,-5.0516694,-5.3058009,-5.4993652,-5.5910639,-5.6638305,-5.7300685,-5.7881305,-5.8304966,-5.8937938,-5.9389936,-5.9925255,-6.0381229,-6.0812884,-6.1221255,-6.1599275,-6.1969025,-6.2212437,-6.2608515,-6.2956408,-6.3256346,-6.3580271,-6.3920643,-6.4117872,-6.4451588,-6.475137,-6.5075181,-6.5329188,-6.5558346,-6.5791496,-6.6008417,-6.6107054,-6.6394171,-6.6556462,-6.6794538,-6.6983525,-6.719172,-6.7348199,-6.7449621,-6.7682738,-6.788981,-6.8008791,-6.8232856
